具体地点,职位名称,工资,福利tag,公司名称,公司标签,其他标签,岗位要求,是否为推广,会员商家,发布时间,抓取时间,平台
北京·通州区·宋庄,普工技工,4.5-7.5K,工作餐免费月结工资4人间宿舍三班倒缴纳商保,北京天启瑞华文化传媒,广告/公关/会展|20-99人,,经验不限|学历不限,,,,2025/02/19 10:37:05,boss
北京·密云区·密云县县城,普工/操作工,5-6K,三餐免费缴纳社保坐班月结工资两班倒读写26个字母住宿免费,昌裕劳务服务,人力资源服务|100-499人,,经验不限|学历不限,,,,2025/02/19 10:37:05,boss
北京·海淀区·上地,普工/操作工,5-6K,五险一金，定期体检，加班补助，节日福利，全勤奖，年终奖，带薪年假，补充医疗保险，员工旅游，通讯补贴，股票期权，交通补助,卡姆福,其他行业|未融资|20-99人,,1年以内|中专/中技,,,,2025/02/19 10:37:05,boss
北京,招聘普工,6-7K,,北京泰富兴诚商贸,批发/零售|100-499人,,经验不限|学历不限,,,,2025/02/19 10:37:05,boss
北京·朝阳区·双桥,管吃住招广告普工及学徒,5-6K,周末单休加班费带薪年假包吃包住绩效奖金夜班补助节假日加班费普工,双龙堂喷绘,广告营销|未融资|20-99人,,经验不限|学历不限,,,,2025/02/19 10:37:05,boss
北京·大兴区·亦庄,普通工人,5-6K,,北京畅联云网络科技,日化|20-99人,,经验不限|学历不限,,,,2025/02/19 10:37:05,boss
北京·通州区·马驹桥,连华科技招聘普工/操作工,150-160元/天,"普工兼职
五险一金，年终奖，定期体检，员工旅游，带薪年假，全勤奖，通讯补贴，补充医疗保险，节日福利，餐补，交通补助，零食下午茶，防暑降温",连华科技,环保|不需要融资|100-499人,,经验不限|学历不限,,,,2025/02/19 10:37:05,boss
北京·朝阳区·劲松,普工/操作工,4-6K,"珠串挑选珠串抛光
年终奖，加班补助，定期体检，股票期权，五险一金，带薪年假，员工旅游，零食下午茶，餐补",菩悦东方,工艺品/收藏品|未融资|0-20人,,经验不限|学历不限,,,,2025/02/19 10:37:06,boss
北京·通州区·次渠,普工，清洗油烟机,7-8K,能接受夜班,浩可环保,环保|20-99人,,经验不限|学历不限,,,,2025/02/19 10:37:06,boss
北京·海淀区·中关村,普工/操作工,5-7K,"月结工资缴纳商保月休四天不穿无尘服三餐免费住宿免费水电免费
补充医疗保险，加班补助，住房补贴，年终奖，带薪年假，全勤奖，节日福利，餐补",聚优佳信,广告/公关/会展|不需要融资|0-20人,,经验不限|学历不限,,,,2025/02/19 10:37:06,boss
北京·房山区·良乡,普工/操作工,4-4.5K,三餐免费2人间宿舍车间流水线长白班月结工资,华盛祥,物流/仓储|0-20人,,经验不限|学历不限,,,,2025/02/19 10:37:06,boss
北京·昌平区·霍营,普工/操作工,4-5.5K,住宿免费有空调水电免费做六休一月休四天月结工资,北京英坤嘉业科技,计算机硬件|0-20人,,经验不限|高中,,,,2025/02/19 10:37:06,boss
北京,食品厂车间普工,5-6K,三餐免费厂内食堂4人间宿舍住宿免费夫妻房缴纳社保恒温车间车间流水线需穿无尘服长白班月结工资,北京稻味庄食品有...,食品/饮料/烟酒|20-99人,,经验不限|学历不限,,,,2025/02/19 10:37:06,boss
北京·昌平区·马池口,食品厂普工,4-5.5K,三餐免费住宿免费缴纳社保车间流水线月休四天月结工资,港田,原材料及加工/模具|20-99人,,1-3年|高中,,,,2025/02/19 10:37:06,boss
北京·怀柔区·桥梓,普工/操作工,2-7K,三餐免费厂内食堂住宿免费有WIFI水电免费不看显微镜长白班月结工资免体检包进,北京硕奥腾达装饰材料,批发/零售|0-20人,,经验不限|学历不限,,,,2025/02/19 10:37:06,boss
北京·昌平区·小汤山,招聘普工,6-7.9K,三餐免费住宿免费,诺洁天下,家政服务|0-20人,,经验不限|学历不限,,,,2025/02/19 10:37:06,boss
北京·顺义区·李桥,服装厂普工,4.4-4.5K,,鸿正兴,其他生活服务|20-99人,,经验不限|学历不限,,,,2025/02/19 10:37:06,boss
北京·怀柔区·雁栖,普工/操作工,5.5-6.5K,厂内食堂工作餐免费缴纳社保车间流水线两班倒月结工资体检免费,华北富田,印刷/包装/造纸|100-499人,,经验不限|学历不限,,,,2025/02/19 10:37:06,boss
北京·石景山区·广宁,普工/操作工,5-7.5K,"缴纳社保不穿无尘服恒温车间车间流水线月结工资
五险一金，全勤奖",痕玉技艺,工艺品/收藏品|未融资|0-20人,,经验不限|学历不限,,,,2025/02/19 10:37:06,boss
北京·大兴区·亦庄,普工/操作工,4-5K,不看显微镜不穿无尘服坐班做六休一月结工资,富瑞诚测,仪器仪表/工业自动化|0-20人,,1-3年|初中及以下,,,,2025/02/19 10:37:06,boss
北京·昌平区·昌平镇,普工长期工,5-6K,做六休一长白班三餐免费具备售卖收银经营月结工资月休四天,北京徽徽徽丫小吃...,餐饮|0-20人,,经验不限|学历不限,,,,2025/02/19 10:37:06,boss
北京·顺义区·后沙峪,华兆基业招聘普工/操作工,5-8K,厂内食堂坐班恒温车间需穿无尘服做六休一长白班,华兆基业,原材料及加工/模具|100-499人,,经验不限|学历不限,,,,2025/02/19 10:37:06,boss
北京·通州区·新华大街,普工操作工球拍穿线师,4-8K,五险一金，全勤奖，年终奖,唯快运动商贸,电子商务|不需要融资|0-20人,,经验不限|学历不限,,,,2025/02/19 10:37:06,boss
北京·昌平区·回龙观,电子厂招聘普工,5-7K,厂内食堂4-8人间宿舍缴纳商保车间流水线需穿无尘服两班倒月结工资,泓牧有限公司,电子/硬件开发|不需要融资|20-99人,,经验不限|学历不限,,,,2025/02/19 10:37:06,boss
北京·昌平区·沙河,普工/操作工 叉车司机,4-6K,普工,北京顺达兴包装制品厂,电子商务|0-20人,,1年以内|学历不限,,,,2025/02/19 10:37:06,boss
北京,生产车间普工,5-6K,"有空调长白班三餐免费月结工资普工住宿免费读写26个字母免体检包进
保底工资，宿舍有空调，五险一金，包住，绩效奖金，团建聚餐，加班补助",北京群升北亦门业,原材料及加工/模具|不需要融资|20-99人,,经验不限|学历不限,,,,2025/02/19 10:37:06,boss
北京·昌平区·小汤山,普工,3-5K,月结工资,北京华人,仪器仪表/工业自动化|0-20人,,经验不限|学历不限,,,,2025/02/19 10:37:06,boss
北京·通州区·马驹桥,北京绿色心雅商贸中心招聘普工/操作工,4-5K,午餐免费,北京绿色心雅商贸中心,批发/零售|0-20人,,1-3年|学历不限,,,,2025/02/19 10:37:06,boss
北京·昌平区·马池口,普工,4-5K,缴纳社保加班费8人间以上宿舍包吃包住宿舍有空调有餐补住宿免费午餐免费五险一金夜班补助免费培训意外险厂内食堂,海淀晶晶,其他生活服务|20-99人,,经验不限|中专/中技,,,,2025/02/19 10:37:06,boss
北京·通州区·马驹桥,普工/操作工,5-8K,夜班补助，法定节假日三薪，节假日加班费，加班补助,北京新庆翔,其他制造业|不需要融资|20-99人,,3-5年|中专/中技,,,,2025/02/19 10:37:06,boss
北京·顺义区·后沙峪,电子调试普工,4-7K,做五休二月结工资,博米科技,仪器仪表/工业自动化|未融资|0-20人,,经验不限|学历不限,,,,2025/02/19 10:37:04,boss
北京·大兴区·亦庄,普工,3-4K,缴纳社保做五休二,希格诺,交通/运输|20-99人,,经验不限|学历不限,,,,2025/02/19 10:37:04,boss
北京,翊博生物招聘普工/操作工,5-7K,"缴纳社保坐班GMP车间月结工资有餐补
节假日加班费，包吃，员工旅游，定期体检，五险一金，绩效奖金，餐补，带薪年假",翊博生物,生物/制药|A轮|20-99人,,经验不限|大专,,,,2025/02/19 10:37:04,boss
北京·大兴区·亦庄,普工/操作工,3.5-4.5K,三餐免费厂内食堂住宿免费有WIFI有空调水电免费缴纳社保做六休一月结工资,创景模型,其他专业服务|0-20人,,1-3年|中专/中技,,,,2025/02/19 10:37:04,boss
北京·大兴区·亦庄,普工,5-6K,"工作餐免费
生日福利，节日福利，加班补助，员工旅游，定期体检，团建聚餐，带薪年假，底薪加提成，免费工装，法定节假日三薪，绩效奖金，洗衣福利待遇",布瑞琳,服装/纺织|未融资|100-499人,,经验不限|学历不限,,,,2025/02/19 10:37:04,boss
北京·东城区·安贞,普工/电焊工,7.5-7.9K,工作餐免费长白班月结工资体检免费,神舟龙行图片社,广告/公关/会展|未融资|0-20人,,3-5年|高中,,,,2025/02/19 10:37:04,boss
北京·朝阳区·王四营,普工 UV打印,5-8K,工作餐免费住宿免费有空调水电免费不看显微镜不穿无尘服车间流水线月结工资免体检包进,北京心明伟业,原材料及加工/模具|0-20人,,经验不限|学历不限,,,,2025/02/19 10:37:04,boss
北京·大兴区·采育开发区,普工,5-6K,厂内食堂两班倒,中铁兴华,物流/仓储|100-499人,,经验不限|学历不限,,,,2025/02/19 10:37:04,boss
北京·顺义区·后沙峪,印刷厂直聘晒包装晒版出版普工,4.5-5K,"有空调做六休一缴纳社保工作餐免费质检住宿免费读写26个字母包装工午餐免费长白班2人间宿舍操作工坐班月结工资晒版普工
包吃，加班补助，五险一金，全勤奖",北京市瑞祥印刷厂,印刷/包装/造纸|不需要融资|20-99人,,1-3年|初中及以下,,,,2025/02/19 10:37:04,boss
北京·顺义区·南彩,万集科技招聘普工/操作工,180-190元/天,"午餐免费厂内食堂坐班恒温车间车间流水线长白班周结工资
绩效奖金，交通补助，节日福利，股票期权，员工旅游，通讯补贴，餐补，带薪年假，团建聚餐，五险一金",万集科技,智能硬件|已上市|1000-9999人,,经验不限|学历不限,,,,2025/02/19 10:37:04,boss
北京·东城区·东四,普工/操作工,6.9-7K,长白班日结230元日结工资,众信创汇企业管理,其他制造业|0-20人,,1年以内|学历不限,,,,2025/02/19 10:37:04,boss
北京·昌平区·阳坊,普工,3-5K,包住，包吃,金惠永达,批发/零售|0-20人,,经验不限|学历不限,,,,2025/02/19 10:37:04,boss
北京·通州区·张家湾,普工/操作工,4.3-5.5K,"厂内食堂有餐补缴纳社保车间流水线需穿无尘服三班倒月结工资体检免费五险一金，轮休假，年休假
带薪年假，节日福利，餐补，年终奖，定期体检，通讯补贴，五险一金，交通补助",蒙牛乳业,其他行业|已上市|10000人以上,,经验不限|中专/中技,,,,2025/02/19 10:37:04,boss
北京·顺义区·仁和,招普工包吃住上五险不压资,7-8K,,北京斯通达人力资源,装卸搬运和仓储业|500-999人,,经验不限|学历不限,,,,2025/02/19 10:37:04,boss
北京,普工/操作工,5-8K,包吃周末双休八小时工作制年底双薪全勤奖绩效奖金,铨连电子,智能硬件/消费电子|0-20人,,1年以内|高中,,,,2025/02/19 10:37:04,boss
北京,普工/操作工,4.5-5.5K,缴纳社保月结工资体检免费,神州华测,智能硬件|20-99人,,经验不限|中专/中技,,,,2025/02/19 10:37:04,boss
北京·大兴区·旧宫,普工/操作工/夜班兼职,4.8-6K,周结工资兼职,康众泰,家政服务|0-20人,,经验不限|初中及以下,,,,2025/02/19 10:37:04,boss
北京·通州区·张家湾,食品厂普工,4-6K,住宿免费月休四天月结工资三餐免费,北京美味阳光餐饮管理,食品/饮料/烟酒|20-99人,,经验不限|中专/中技,,,,2025/02/19 10:37:04,boss
北京·顺义区·后沙峪,普工/操作工,3.5-5.5K,需穿无尘服做六休一缴纳社保月结工资有餐补体检免费厂内食堂住宿免费,麒芯汇弘,通信/网络设备|20-99人,,经验不限|学历不限,,,,2025/02/19 10:37:04,boss
北京·大兴区·庞各庄,中奥力德招聘普工/操作工,6-8K,"加班费
不加班，年终奖，通讯补贴，带薪年假，生日福利",中奥力德,工程施工|未融资|20-99人,,经验不限|学历不限,,,,2025/02/19 10:37:04,boss
北京·顺义区·马坡,电子厂普工/操作工,5-7K,"有空调长白班坐班有餐补住宿免费恒温车间月休四天
夜班补助，餐补，全勤奖，加班补助，包住，绩效奖金",鸿翔电子,仪器仪表/工业自动化|不需要融资|0-20人,,经验不限|学历不限,,,,2025/02/19 10:37:04,boss
北京·大兴区·天宫院,普通工人,4-5K,"三餐免费住宿免费月休四天长白班月结工资体检免费
节日福利，包吃，宿舍有空调，有无线网，包住，意外险",北京鹏顺安达物流,交通/运输|0-20人,,1-3年|学历不限,,,,2025/02/19 10:37:04,boss
北京·怀柔区·雁栖,普工/操作工,5.8-6.8K,"工作餐免费缴纳社保车间流水线两班倒月结工资体检免费夜班补助年终奖高温补贴包吃加班费法定节假日三薪
五险一金，定期体检，节日福利，年终奖，员工旅游，通讯补贴，带薪年假",北京中富,食品/饮料/烟酒|已上市|100-499人,,经验不限|学历不限,,,,2025/02/19 10:37:04,boss
北京,招聘普工,5-7K,工作餐免费4人间宿舍住宿免费有空调不看显微镜不穿无尘服恒温车间两班倒月结工资体检免费免体检包进有责任心 吃苦耐劳 有团队精神,嘉艺炫彩,广告/公关/会展|20-99人,,经验不限|学历不限,,,,2025/02/19 10:37:04,boss
北京·怀柔区·雁栖,中介公司招聘普工/操作工,6-7.1K,"4人间宿舍
加班补助，节日福利，免费班车，全勤奖，员工旅游，带薪年假，五险一金",东明,原材料及加工/模具|500-999人,,经验不限|学历不限,,,,2025/02/19 10:37:04,boss
北京·大兴区·西红门,招聘普工,4-6K,"住宿免费水电免费缴纳社保
意外险",北京万卉艺景园林...,农/林/牧/渔|20-99人,,1-3年|学历不限,,,,2025/02/19 10:37:04,boss
北京·顺义区·南彩,普工,5-8K,有空调2人间宿舍工作餐免费月结工资不穿无尘服两班倒体检免费缴纳商保,佩尔哲北京工厂,汽车研发/制造|100-499人,,经验不限|学历不限,,,,2025/02/19 10:37:04,boss
北京·怀柔区·雁栖,诚聘各岗位普工、操作工,6-7K,午餐免费4人间宿舍有空调缴纳商保不穿无尘服坐班恒温车间车间流水线两班倒长白班月结工资读写26个字母,北京升兴智能科技,其他制造业|1000-9999人,,经验不限|学历不限,,,,2025/02/19 10:37:04,boss
北京,普工,6-7K,厂内食堂4人间宿舍长白班月结工资,北京叶子祺食品,其他生活服务|0-20人,,经验不限|学历不限,,,,2025/02/19 10:37:04,boss
北京·大兴区·黄村,普工/操作工,5-6K,缴纳社保,北京瑞贝可,其他消费品|0-20人,,经验不限|高中,,,,2025/02/19 10:37:05,boss
北京,普工,4.5-5.5K,有餐补4-8人间宿舍缴纳社保坐班月休四天月结工资读写26个字母,南兴益源防护设备,工程施工|20-99人,,1年以内|学历不限,,,,2025/02/19 10:37:02,boss
北京,生产普工,3.5-4.5K,午餐免费住宿免费车间流水线月结工资,梨源,印刷/包装/造纸|0-20人,,经验不限|学历不限,,,,2025/02/19 10:37:02,boss
北京·大厂回族自治县·孔雀城英国宫,普工 穿珠子 穿手串 有老师教,3-5K,工作餐免费住宿免费有WIFI有空调缴纳商保坐班做六休一月结工资,一合万景,珠宝/首饰|未融资|20-99人,,经验不限|学历不限,,,,2025/02/19 10:37:02,boss
北京·海淀区·万柳,普工,6-7.5K,三餐免费4-8人间宿舍缴纳社保不穿无尘服两班倒月结工资免体检包进,钰欣,批发/零售|100-499人,,经验不限|学历不限,,,,2025/02/19 10:37:02,boss
北京·丰台区·长辛店,普工/操作工,4.5-5K,保底工资,北京成伟顺食品,批发/零售|0-20人,,经验不限|学历不限,,,,2025/02/19 10:37:02,boss
北京·顺义区·南彩,普工长白班,6-8K,"做六休一长白班缴纳社保工作餐免费不看显微镜月结工资不穿无尘服体检免费车间流水线
有无线网，包吃，免费工装，绩效奖金，全勤奖，保底工资",北京鑫建华顺工贸,汽车零部件|未融资|20-99人,,1年以内|学历不限,,,,2025/02/19 10:37:02,boss
北京·顺义区·光明,电子厂普工,4-5K,厂内食堂4人间宿舍月结工资,北京德聚仁合环保,计算机/通信/其他电子设备|0-20人,,经验不限|学历不限,,,,2025/02/19 10:37:02,boss
北京·昌平区·东关,生产普工,4-6K,"做六休一缴纳社保月结工资4人间宿舍厂内食堂住宿免费
年终奖，带薪年假，免费班车，节日福利，五险一金，福利食堂",北京东华原,医疗健康|未融资|500-999人,,经验不限|大专,,,,2025/02/19 10:37:02,boss
北京·丰台区·花乡,普工/操作工,25-30元/时,,北京云霄霄商贸,批发/零售|0-20人,,经验不限|学历不限,,,,2025/02/19 10:37:02,boss
北京·通州区·马驹桥,电子厂普工,4-6K,不穿无尘服坐班长白班,必得客,仪器仪表/工业自动化|20-99人,,经验不限|初中及以下,,,,2025/02/19 10:37:02,boss
北京·丰台区·新发地,普工搬运工,6-8K,工作餐免费有餐补清真食堂夫妻房有WIFI有空调缴纳商保不穿无尘服三班倒月结工资体检免费免体检包进,北京鸣坤立雅商贸,交通/运输|0-20人,,经验不限|学历不限,,,,2025/02/19 10:37:03,boss
北京·顺义区·马坡,普工/操作工,4.2-6K,"组装普工电工
餐补",富拓科技,进出口贸易|未融资|0-20人,,1年以内|中专/中技,,,,2025/02/19 10:37:03,boss
北京·通州区·马驹桥,普工,5.5-8K,"长白班月结工资厂内食堂读写26个字母
生日福利，保底工资，节日福利，五险一金，高温补贴，带薪年假，绩效奖金",粹然电子,智能硬件/消费电子|不需要融资|100-499人,,经验不限|学历不限,,,,2025/02/19 10:37:03,boss
北京·朝阳区·王四营,京通顺商贸有限公司招聘配/理/拣/发货,7-8K,货物出库货物配送接受倒班配货打包,京通顺商贸有限公司,批发/零售|不需要融资|0-20人,,1年以内|高中,,,,2025/02/19 10:37:03,boss
北京,普通工人,4-6K,"有WIFI有空调恒温车间做五休二月结工资
餐补，免费工装，意外险，年终奖",北京孟氏利嘉模具设计,批发/零售|不需要融资|0-20人,,1-3年|中专/中技,,,,2025/02/19 10:37:03,boss
北京·朝阳区·潘家园,普工/学徒工,3-3.5K,做六休一,北京熊华标眼镜,其他生活服务|0-20人,,经验不限|学历不限,,,,2025/02/19 10:37:03,boss
北京·丰台区·木樨园,仓库普工,6-7K,年底奖金,北京舒桐商贸有限公司,批发/零售|20-99人,,经验不限|学历不限,,,,2025/02/19 10:37:03,boss
北京·顺义区·李桥,普工,5-8K,工作餐免费2人间宿舍有WIFI有空调缴纳商保做六休一周结工资体检免费,北京首达包装,印刷/包装/造纸|0-20人,,经验不限|学历不限,,,,2025/02/19 10:37:03,boss
北京·昌平区·小汤山,弱电工/普工/操作工,4-8K,"三餐免费4人间宿舍住宿免费有WIFI有空调水电免费缴纳社保做六休一月结工资体检免费
全勤奖，免费工装，工龄奖，宿舍有空调，包吃，五险一金，员工旅游，绩效奖金，带薪年假，生日福利，夜班补助，团建聚餐，包住，意外险，有无线网，节日福利",福星智能,电子/半导体/集成电路|不需要融资|20-99人,,3-5年|大专,,,,2025/02/19 10:37:03,boss
北京·朝阳区·高碑店,普工 操作工,4-6K,月结工资缴纳社保月休四天坐班住宿免费有空调有WIFI,北京芸熙万禾文化...,广告/公关/会展|0-20人,,经验不限|学历不限,,,,2025/02/19 10:37:03,boss
北京·昌平区·沙河,电子厂普工,4.5-6K,月结工资缴纳商保长白班坐班工作餐免费,中科都兴,电子/半导体/集成电路|未融资|20-99人,,1-3年|学历不限,,,,2025/02/19 10:37:03,boss
北京·通州区·马驹桥,信邦同安集团招聘普工/操作工,5-6K,"有餐补4-8人间宿舍有WIFI有空调缴纳社保长白班月结工资
夜班补助，节日福利，免费班车，免费工装，有无线网，住房补贴，工龄奖，五险一金，团建聚餐，意外险，节假日加班费，带薪年假，定期体检，绩效奖金，宿舍有空调，年终奖，加班补助，法定节假日三薪，补充医疗保险，生日福利",信邦同安集团,储能|不需要融资|1000-9999人,,经验不限|学历不限,,,,2025/02/19 10:37:03,boss
北京·朝阳区·望京,普工,7-8K,午餐免费工作餐免费缴纳商保不穿无尘服坐班恒温车间车间流水线两班倒月结工资,凌阳思创,仪器仪表/工业自动化|100-499人,,经验不限|学历不限,,,,2025/02/19 10:37:03,boss
北京,普工操作工,7-8K,"五险一金单位体检意外险加班费带薪年假
免费班车，带薪年假，补充医疗保险，采暖补贴，高温补贴，五险一金，节日福利，免费工作餐，员工旅游，定期体检",北大维信,其他行业|不需要融资|100-499人,,1年以内|中专/中技,,,,2025/02/19 10:37:03,boss
北京·朝阳区·高碑店,普工,4-7K,"做六休一缴纳社保月结工资有餐补4-8人间宿舍车间流水线
五险一金，加班补助，员工旅游，餐补，节日福利",北京天泽润,广告营销|未融资|20-99人,,经验不限|学历不限,,,,2025/02/19 10:37:03,boss
北京·通州区·马驹桥,普工,4-6K,"坐班做六休一月结工资会识字，乐于沟通
五险一金，餐补，住房补贴",中科森阳,电子/半导体/集成电路|不需要融资|20-99人,,1-3年|中专/中技,,,,2025/02/19 10:37:03,boss
北京·大兴区·庞各庄,普工/操作工,7-8K,"做六休一有空调缴纳社保工作餐免费读写26个字母住宿免费日结工资4人间宿舍不穿无尘服体检免费厂内食堂恒温车间免体检包进
带薪年假，五险一金，股票期权，定期体检，年终奖，餐补",京东物流-华北区域,快递|已上市|10000人以上,,经验不限|学历不限,,,,2025/02/19 10:37:03,boss
北京·昌平区·阳坊,普通工人,4-5.5K,有WIFI月结工资住宿免费鱼池勤杂收鱼工人缴纳商保,北京阳坊长宝养殖场,农/林/牧/渔|0-20人,,经验不限|学历不限,,,,2025/02/19 10:37:03,boss
北京·海淀区·上地,盒马鲜生招聘搬运工/装卸工,7-8K,健康证白班夜班月结不包吃住,盒马鲜生,生活服务(O2O)|不需要融资|10000人以上,,经验不限|学历不限,,,,2025/02/19 10:37:03,boss
北京·顺义区·后沙峪,普工/操作工,5-6K,"工作餐免费4人间宿舍有空调缴纳社保不穿无尘服恒温车间车间流水线长白班月结工资读写26个字母
五险一金，底薪加提成，宿舍有空调，工龄奖，免费工装，节日福利，包吃，加班补助，全勤奖，保底工资，包住，意外险",北京华璞钻石,珠宝/首饰|未融资|500-999人,,经验不限|中专/中技,,,,2025/02/19 10:37:03,boss
北京,招普工,5-8K,"午餐免费工作餐免费住宿免费有WIFI有空调缴纳商保月结工资
交通补助，包吃，包住，有无线网，加班补助，意外险，年终奖",盛世京源,广播/影视|20-99人,,经验不限|学历不限,,,,2025/02/19 10:37:01,boss
北京·顺义区·光明,车间普工,5-7.8K,三餐免费2人间宿舍有空调水电免费缴纳社保恒温车间做六休一长白班月结工资,佳诚佳信,机械设备/机电/重工|0-20人,,1年以内|学历不限,,,,2025/02/19 10:37:01,boss
北京·海淀区·西北旺,电子厂普工,4-8K,,恒电,原材料及加工/模具|20-99人,,经验不限|学历不限,,,,2025/02/19 10:37:01,boss
北京·昌平区·沙河,昌平沙河姜屯电子厂招普工 组装焊接操作工,4-6K,午餐免费做六休一电子厂招工月结工资求职普工厂内食堂车间流水线,同为环保,电子/半导体/集成电路|不需要融资|0-20人,,经验不限|初中及以下,,,,2025/02/19 10:37:01,boss
北京·顺义区·央美博艺艺术馆,普工/操作工,3.5-5K,"厂内食堂4人间宿舍做六休一月结工资
全勤奖，节日福利，包吃，加班补助，包住",北京麒芯科技有限公司,半导体/芯片|20-99人,,经验不限|学历不限,,,,2025/02/19 10:37:01,boss
北京·昌平区·马池口,组装工普工 操作工 电子焊接,4-5K,做六休一缴纳社保工作餐免费不看显微镜组装工烙铁焊接组装读写26个字母长白班坐班月结工资不穿无尘服厂内食堂恒温车间月休四天,所为,电子/半导体/集成电路|未融资|20-99人,,1年以内|初中及以下,,,,2025/02/19 10:37:01,boss
北京·昌平区·沙河,佳和康华招聘普工/操作工,4-6K,"做五休二缴纳社保月结工资有餐补
餐补，零食下午茶，员工旅游，加班补助，年终奖，五险一金，节日福利，带薪年假",佳和康华,仪器仪表/工业自动化|未融资|20-99人,,经验不限|大专,,,,2025/02/19 10:37:01,boss
北京·大兴区·亦庄,普工/操作工,4-6K,"三餐免费住宿免费夫妻房有空调
全勤奖",天都盛丰,生活服务(O2O)|不需要融资|20-99人,,经验不限|学历不限,,,,2025/02/19 10:37:01,boss
北京·昌平区·百善,医疗器械厂招聘普工,5-6K,需穿无尘服做六休一长白班坐班厂内食堂恒温车间缴纳商保,北京巡河炮物业管理,其他生活服务|20-99人,,经验不限|学历不限,,,,2025/02/19 10:37:01,boss
北京·西城区·六铺炕,普工/操作工,4.5-7K,有餐补做五休二月结工资免体检包进,米神科技,电子/半导体/集成电路|0-20人,,经验不限|大专,,,,2025/02/19 10:37:01,boss
北京·大兴区·亦庄,博益智工招聘普工/操作工,5-6K,"三餐免费4-8人间宿舍两班倒周结工资
包吃，包住，保底工资，底薪加提成，带薪年假，绩效奖金，意外险，五险一金，年终奖",博益智工,仪器仪表/工业自动化|不需要融资|100-499人,,经验不限|学历不限,,,,2025/02/19 10:37:01,boss
北京·大兴区·庞各庄,生产普工,6-7K,三餐免费住宿免费缴纳商保车间流水线长白班月结工资免体检包进,永成兴,建筑材料|0-20人,,经验不限|学历不限,,,,2025/02/19 10:37:01,boss
北京,生产普工,4-7K,三餐免费住宿免费月结工资,美美康洁,其他生活服务|20-99人,,经验不限|初中及以下,,,,2025/02/19 10:37:01,boss
北京·朝阳区·太阳宫,8小时月不压工资普工,5-7.1K,4人间宿舍,成都启恒远大物流,即时配送|100-499人,,经验不限|学历不限,,,,2025/02/19 10:37:01,boss
北京·海淀区·西北旺,电子普工,5-6.7K,"2人间宿舍
五险一金",北京宝宁电子技术,电子商务|未融资|0-20人,,经验不限|中专/中技,,,,2025/02/19 10:37:01,boss
北京·通州区·马驹桥,大型真人秀活动音频普工,4-5K,"责任心强，学习力强。
五险一金",德缘益合,其他生活服务|未融资|0-20人,,经验不限|中专/中技,,,,2025/02/19 10:37:01,boss
北京·通州区·马驹桥,索莱宝招聘普工/操作工,5-6K,"不穿无尘服长白班月结工资五险一金双休
免费班车，生日福利，全勤奖，绩效奖金，节日福利，加班补助，住房补贴，年终奖，交通补助，五险一金，餐补，工龄奖，包住，通讯补贴，带薪年假，节假日加班费，定期体检，补充医疗保险，员工旅游",索莱宝,广告营销|未融资|100-499人,,经验不限|学历不限,,,,2025/02/19 10:37:01,boss
北京·顺义区·仁和,普工,7-8K,三餐免费住宿免费有WIFI有空调,东顺源,交通/运输|0-20人,,经验不限|学历不限,,,,2025/02/19 10:37:01,boss
北京·昌平区·马池口,普工/操作工,4-5K,有餐补4人间宿舍缴纳商保恒温车间车间流水线做六休一月结工资读写26个字母,北京高汇联电子科技,电子/半导体/集成电路|20-99人,,经验不限|学历不限,,,,2025/02/19 10:37:01,boss
北京·通州区·李桥,普工/学徒工,2.5-5K,"午餐免费有餐补住宿免费有WIFI有空调缴纳社保不穿无尘服坐班做五休二周结工资体检免费免体检包进读写26个字母工作环境优越小型工作室
年终奖，全勤奖，宿舍有空调，餐补，保底工资，包住，加班补助，有无线网，底薪加提成，绩效奖金，包吃",宗作模型科技,文化艺术/娱乐|未融资|0-20人,,经验不限|学历不限,,,,2025/02/19 10:37:01,boss
北京·昌平区·北七家,优秀踏实长期工作人员普工3人木工3人,5-6K,,海钰园林,工程施工|0-20人,,经验不限|学历不限,,,,2025/02/19 10:37:01,boss
北京·朝阳区·高碑店,普工/操作工/汽车改装/贴膜,4-6K,工作餐免费月结工资4人间宿舍缴纳商保,华夏坦途,其他生活服务|0-20人,,经验不限|学历不限,,,,2025/02/19 10:37:01,boss
北京·昌平区·北七家,普工,3.5-7K,"住宿免费午餐免费
保底工资，底薪加提成，节日福利，包住，全勤奖，住房补贴，包吃，有无线网，五险一金，绩效奖金，带薪年假，员工旅游，宿舍有空调，交通补助，通讯补贴，团建聚餐，免费工装，年终奖，零食下午茶，夜班补助",北京润泽康源科技,其他生活服务|未融资|20-99人,,经验不限|学历不限,,,,2025/02/19 10:37:01,boss
北京·丰台区·云岗,鸿泰元丰招聘电工,4-7K,包吃住,鸿泰元丰,工程施工|0-20人,,经验不限|中专/中技,,,,2025/02/19 10:37:01,boss
北京·平谷区·兴谷,普工/操作工,5-6K,需穿无尘服长白班2人间宿舍工作餐免费周结工资缴纳商保,北京原麦山丘食品...,互联网|未融资|100-499人,,经验不限|学历不限,,,,2025/02/19 10:37:02,boss
北京·大兴区·庞各庄,库房普工,5-6K,三餐免费2人间宿舍长白班月结工资,康隆聚鑫,批发/零售|0-20人,,经验不限|学历不限,,,,2025/02/19 10:37:02,boss
北京·大兴区·天宫院,普工/操作工,5-7K,企业年金，节日福利，健身俱乐部，带薪年假，包吃，定期体检，法定节假日三薪，绩效奖金，生日福利，五险一金,同仁堂健康,医疗健康|不需要融资|10000人以上,,1-3年|高中,,,,2025/02/19 10:37:02,boss
北京·顺义区·后沙峪,普工/操作工/小时工,5-6K,,聚鑫伟业人力资源,人力资源服务|100-499人,,经验不限|学历不限,,,,2025/02/19 10:37:02,boss
北京·大兴区·马驹桥,北京中渲物流有限公司招聘普工/操作工,6-7K,"缴纳社保做六休一有餐补
全勤奖，节日福利，加班补助，定期体检，员工旅游，年终奖，住房补贴，团建聚餐，五险一金，夜班补助，法定节假日三薪，免费工装，带薪年假，有无线网，工龄奖，免费班车，宿舍有空调，生日福利",北京中渲物流有限公司,公路物流|500-999人,,经验不限|学历不限,,,,2025/02/19 10:37:02,boss
北京·顺义区·马坡,普工,4.5-6K,三餐免费4人间宿舍住宿免费有空调缴纳商保不看显微镜不穿无尘服长白班月结工资免体检包进打包、普工,中消欣瑞,其他生活服务|20-99人,,经验不限|学历不限,,,,2025/02/19 10:37:02,boss
北京·房山区·韩村河,家具厂普工,7.2-8K,包吃包住,神达,原材料及加工/模具|20-99人,,经验不限|中专/中技,,,,2025/02/19 10:36:59,boss
北京·大兴区·亦庄,普工,5-6K,,辰诺,人力资源服务|0-20人,,经验不限|学历不限,,,,2025/02/19 10:36:59,boss
北京·顺义区·央美博艺艺术馆,中科银河芯招聘普工/操作工,7000-8000元/月,"长白班
免费工装，股票期权，团建聚餐，生日福利，年终奖，补充医疗保险，加班补助，员工旅游，带薪年假，节日福利，绩效奖金，五险一金，定期体检，全勤奖，零食下午茶",中科银河芯,半导体/芯片|B轮|100-499人,,经验不限|学历不限,,,,2025/02/19 10:36:59,boss
北京·大兴区·亦庄,睿智图像招聘普工/操作工,4-4.5K,带薪年假，五险一金，餐补,睿智图像,仪器仪表/工业自动化|未融资|20-99人,,经验不限|初中及以下,,,,2025/02/19 10:36:59,boss
北京·昌平区·沙河,希杰招聘普工/操作工,6-7K,"午餐免费2人间宿舍缴纳社保恒温车间车间流水线两班倒月结工资
带薪年假，年终奖，定期体检，加班补助，补充医疗保险，五险一金，节日福利",希杰,食品/饮料/烟酒|不需要融资|500-999人,,经验不限|中专/中技,,,,2025/02/19 10:36:59,boss
北京·大兴区·马驹桥,普工/操作工,5-7K,"包吃八小时工作制交通补助五险一金单位体检年终奖免费培训
通讯补贴，年终奖，加班补助，免费班车，带薪年假，餐补，五险一金，交通补助，节日福利，包吃",合康变频,机械设备/机电/重工|已上市|500-999人,,经验不限|学历不限,,,,2025/02/19 10:37:00,boss
北京·昌平区·北七家,派尔特医疗招聘普工/操作工,3-6K,"周末单休医疗器械加班费普工包吃绩效奖金组装工全职
五险一金，带薪年假，员工旅游",派尔特医疗,医疗健康|未融资|100-499人,,经验不限|初中及以下,,,,2025/02/19 10:37:00,boss
北京·通州区·永顺,普工,4-5.5K,"坐班月结工资4-8人间宿舍月休四天
包吃，绩效奖金，年终奖，生日福利，节日福利，包住，团建聚餐",盛世高歌,文化艺术/娱乐|不需要融资|0-20人,,经验不限|学历不限,,,,2025/02/19 10:37:00,boss
北京·房山区·窦店,普工/操作工,5.5-8K,"三餐免费厂内食堂2人间宿舍缴纳社保车间流水线长白班月结工资体检免费
员工旅游，包住宿，股票期权，包吃，五险一金，定期体检，节日福利",北京航天恒丰,生活服务(O2O)|未融资|20-99人,,经验不限|学历不限,,,,2025/02/19 10:37:00,boss
北京·房山区·窦店,普工,4.9-5K,"三餐免费住宿免费有WIFI有空调长白班月结工资
意外险，五险一金",北京喜乐迎宾商贸...,建筑材料|不需要融资|20-99人,,经验不限|学历不限,,,,2025/02/19 10:37:00,boss
北京,普工/操作工,5-8K,缴纳社保坐班做六休一月结工资,北京光昱光电,电气机械/器材|0-20人,,经验不限|高中,,,,2025/02/19 10:37:00,boss
北京,普工/操作工,5-5.1K,,北京可佳永好科贸,其他制造业|20-99人,,经验不限|高中,,,,2025/02/19 10:37:00,boss
北京·大兴区·庞各庄,渔场普工,5.1-8K,三餐免费普工住宿免费水电免费,北京红运联合渔业...,农/林/牧/渔|0-20人,,1-3年|学历不限,,,,2025/02/19 10:37:00,boss
北京·西城区·陶然亭,普工/操作工,4-8K,"缴纳社保月结工资体检免费绩效奖金带薪年假
餐补，交通补助，全勤奖，带薪年假",标典科技,广告/公关/会展|未融资|0-20人,,1-3年|学历不限,,,,2025/02/19 10:37:00,boss
北京·昌平区·阳坊,普工/操作工,4-5K,全勤奖，定期体检，补充医疗保险，五险一金,鼎盛华威,智能硬件|未融资|20-99人,,1-3年|学历不限,,,,2025/02/19 10:37:00,boss
北京·通州区·果园,普工,5-6K,"三餐免费4-8人间宿舍有空调水电免费缴纳商保
保底工资，绩效奖金，定期体检，意外险",振安一方,生活服务(O2O)|不需要融资|20-99人,,经验不限|学历不限,,,,2025/02/19 10:37:00,boss
北京·通州区·张家湾,木制品生产普工、操作工、木工、包装工,5-8K,"厂内食堂有WIFI有空调水电免费缴纳社保不看显微镜不穿无尘服车间流水线长白班月结工资计件工资，多劳多得，年终奖金，五险一金
定期体检，补充医疗保险，员工旅游，年终奖，五险一金，带薪年假，节日福利",霍尔茨,建筑材料|未融资|500-999人,,经验不限|中专/中技,,,,2025/02/19 10:37:00,boss
北京,家具厂普工,5-7K,,北京恩邦家居有限公司,其他专业服务|0-20人,,1-3年|中专/中技,,,,2025/02/19 10:37:00,boss
北京·大兴区·庞各庄,工厂普工,5-6K,"厂内食堂缴纳社保长白班月结工资
餐补，免费工装，带薪年假，绩效奖金，保底工资，五险一金，高温补贴",和田汽车,汽车研发/制造|不需要融资|100-499人,,经验不限|学历不限,,,,2025/02/19 10:37:00,boss
北京·昌平区·阳坊,普工,170-190元/天,午餐免费做六休一全职兼职均可兼职,威德士,通信/网络设备|20-99人,,经验不限|学历不限,,,,2025/02/19 10:37:00,boss
北京·大兴区·亦庄,盛通印刷招聘普工/操作工,5-7K,"有空调做六休一三餐免费月结工资两班倒厂内食堂4-8人间宿舍月休四天缴纳商保
节日福利，免费班车，包住，包吃，员工旅游，带薪年假，加班补助，定期体检",盛通印刷,生活服务(O2O)|已上市|1000-9999人,,经验不限|学历不限,,,,2025/02/19 10:37:00,boss
北京·海淀区·上地,普工/操作工,4-7K,"缴纳社保坐班做五休二月结工资
五险一金",中嵌科技,智能硬件|天使轮|20-99人,,经验不限|学历不限,,,,2025/02/19 10:37:00,boss
北京·怀柔区·北房,普工/操作工,4-5K,"长白班三餐免费有WIFI月结工资4-8人间宿舍车间流水线缴纳商保水电免费
免费工装，有无线网，夜班补助，意外险",北京禹呈工贸有限公司,其他制造业|不需要融资|20-99人,,经验不限|学历不限,,,,2025/02/19 10:37:00,boss
北京·房山区·良乡,北京粽子包装普工,5-6K,长白班有空调三餐免费月结工资不看显微镜体检免费厂内食堂住宿免费车间流水线缴纳商保水电免费,河北德汇腾越人力,人力资源服务|0-20人,,经验不限|学历不限,,,,2025/02/19 10:37:00,boss
北京,普工,4-6K,长白班三餐免费有WIFI月结工资读写26个字母住宿免费车间流水线水电免费,北京诺双阳装饰,新材料|0-20人,,经验不限|学历不限,,,,2025/02/19 10:37:00,boss
北京·昌平区·沙河,普通工人,5-8K,三餐免费4-8人间宿舍有空调水电免费,中天盛恒,批发/零售|0-20人,,经验不限|学历不限,,,,2025/02/19 10:37:00,boss
北京·朝阳区·青年路,工厂普工,4-5K,三餐免费住宿免费缴纳社保坐班车间流水线月休四天月结工资免体检包进听力残疾肢体残疾言语残疾听力残疾无限制言语残疾无限制上肢残疾,北京鸿运佳晟科技发展,其他生活服务|0-20人,,经验不限|学历不限,,,,2025/02/19 10:37:00,boss
北京·昌平区·阳坊,普工操作工,4.5-6K,"厂内食堂有餐补4人间宿舍缴纳社保坐班恒温车间车间流水线做六休一长白班月结工资
五险一金，带薪年假，加班补助，年终奖，员工旅游，餐补，全勤奖，节日福利",英派尔康,通信/网络设备|20-99人,,经验不限|学历不限,,,,2025/02/19 10:37:00,boss
北京·大兴区·庞各庄,普工/手工,4-5K,"长白班缴纳社保工作餐免费月结工资体检免费住宿免费恒温车间
带薪年假，年终奖，餐补，宿舍有空调，定期体检，节日福利，五险，交通补助，免费工装，包住，员工旅游，包吃，团建聚餐",北京富资园,企业服务|未融资|20-99人,,经验不限|中专/中技,,,,2025/02/19 10:37:00,boss
北京·顺义区·天竺,北京中新京驰汽车...招聘普工/操作工,6-8K,缴纳社保不穿无尘服恒温车间坐班做六休一月结工资体检免费读写26个字母三餐免费厂内食堂工作餐免费,北京中新京驰汽车...,汽车研发/制造|100-499人,,经验不限|学历不限,,,,2025/02/19 10:37:00,boss
北京·平谷区·王辛庄村,普工-提供食宿,5-6K,三餐免费厂内食堂缴纳社保恒温车间月休四天月结工资,金丰大通有机,餐饮|20-99人,,经验不限|学历不限,,,,2025/02/19 10:36:58,boss
北京·怀柔区·雁栖,普工/操作工,6-7K,午餐免费活简单不累月结工资两班倒有餐补厂内食堂,诚鑫腾达,电子商务|20-99人,,经验不限|学历不限,,,,2025/02/19 10:36:58,boss
北京,北京顺鲜生活农业科技招聘普工/操作工,5-6K,长白班工作餐免费月结工资4-8人间宿舍,北京顺鲜生活农业科技,其他生活服务|20-99人,,经验不限|学历不限,,,,2025/02/19 10:36:58,boss
北京·房山区·良乡,东方立美广告招聘普工/操作工,6-8K,"有空调三餐免费缴纳社保月结工资不看显微镜底薪6000包吃住涨薪快奖金提成加班费年终奖不穿无尘服包吃包住住宿免费
全勤奖，定期体检，包吃",东方立美广告,生活服务(O2O)|未融资|20-99人,,经验不限|学历不限,,,,2025/02/19 10:36:58,boss
北京·大兴区·亦庄,普工/操作工,4.5-5.5K,"做六休一需穿无尘服缴纳社保月结工资有餐补读写26个字母车间流水线
餐补，节日福利，免费工装，五险一金",尚新融大电子,电子/半导体/集成电路|A轮|100-499人,,经验不限|学历不限,,,,2025/02/19 10:36:58,boss
北京·大兴区·亦庄,北京方腾招聘普工/操作工,5-6K,"做六休一月结工资有餐补
定期体检，加班补助，带薪年假，节日福利，员工旅游，包吃，免费班车",北京方腾,进出口贸易|未融资|20-99人,,1年以内|学历不限,,,,2025/02/19 10:36:58,boss
北京,普工/操作工,4-7K,"厂内食堂有餐补住宿免费缴纳社保需穿无尘服
定期体检，补充医疗保险，餐补，年终奖，带薪年假，交通补助，节日福利，五险一金",七一八友晟,仪器仪表/工业自动化|未融资|500-999人,,经验不限|大专,,,,2025/02/19 10:36:58,boss
北京·大兴区·瀛海,普工,6.5-7.5K,有空调工作餐免费月结工资厂内食堂住宿免费月休四天,北京延锋北汽汽车...,汽车零部件|100-499人,,经验不限|学历不限,,,,2025/02/19 10:36:58,boss
北京·房山区·窦店,普工/操作工/临时工/学徒工/包装工,3-5K,做五休二周结工资身体健康能吃苦耐劳头脑灵活,北京环宇明珠科技,医疗器械|20-99人,,经验不限|高中,,,,2025/02/19 10:36:58,boss
北京·通州区·物资学院,北京军伟物业服务...招聘普工/操作工,5-6K,交通补助，年终奖，带薪年假，节日福利，员工旅游，包吃，加班补助，补充医疗保险，通讯补贴，零食下午茶，五险一金，股票期权，全勤奖，餐补,北京军伟物业服务...,物业管理|未融资|500-999人,,1年以内|初中及以下,,,,2025/02/19 10:36:58,boss
北京·通州区·宋庄,普工技工,6-8K,长白班月结工资不看显微镜不穿无尘服有餐补读写26个字母住宿免费缴纳商保水电免费常年干技工,华成易博,批发/零售|0-20人,,经验不限|中专/中技,,,,2025/02/19 10:36:58,boss
北京·顺义区·石园,普工/操作工,4-6K,"长白班做五休二缴纳社保坐班月结工资有餐补体检免费
五险一金，全勤奖，节假日加班费，绩效奖金，保底工资，员工旅游，底薪加提成，意外险，免费工装，法定节假日三薪",北京顺义吉照林科技,铁路/船舶/航空/航天制造|0-20人,,经验不限|学历不限,,,,2025/02/19 10:36:58,boss
北京·昌平区·马池口,"普工,操作工",5-7K,做六休一长白班三餐免费2人间宿舍操作封装机器 压杠月结工资,国恒鉴评,其他行业|0-20人,,经验不限|初中及以下,,,,2025/02/19 10:36:58,boss
北京,普工操作工长白班,5-7K,"工作稳定长期工
加班补助，五险，全勤奖，带薪年假，年终奖，员工旅游，餐补",北京捷普创威光电...,原材料及加工/模具|不需要融资|20-99人,,1-3年|中专/中技,,,,2025/02/19 10:36:58,boss
北京·大兴区·大兴经济开发区,洁禹通环保招聘普工/操作工,5-5.5K,"2人间宿舍住宿免费缴纳社保月休四天月结工资无犯罪记录
通讯补贴，补充医疗保险，节日福利，餐补，五险一金，股票期权，带薪年假，定期体检",洁禹通环保,环保|未融资|100-499人,,经验不限|学历不限,,,,2025/02/19 10:36:58,boss
北京·大兴区·黄村,普工/操作工,5-6K,意外险，带薪年假，员工旅游，年终奖，五险一金,北京密纹唱片科技,文化艺术/娱乐|未融资|0-20人,,经验不限|学历不限,,,,2025/02/19 10:36:58,boss
北京·昌平区·沙河,中介公司招聘普工/操作工,5-6K,"缴纳社保工作餐免费月结工资车间流水线
通讯补贴，五险一金，免费班车，法定节假日三薪，定期体检，包吃，绩效奖金，生日福利，补充医疗保险，年终奖，节日福利，带薪年假，团建聚餐",福田康明斯,汽车零部件|不需要融资|1000-9999人,,经验不限|学历不限,,,,2025/02/19 10:36:58,boss
北京,洗衣工，烫工，普工,4.5-8K,三餐免费住宿免费,北京洁神清洁有限公司,其他生活服务|20-99人,,经验不限|学历不限,,,,2025/02/19 10:36:58,boss
北京·大兴区·旧宫,普工/操作工,4.5-5K,"有空调长白班三餐免费有WIFI月结工资4人间宿舍厂内食堂车间流水线
年终奖",奥美佳门窗厂,其他制造业|不需要融资|20-99人,,1-3年|学历不限,,,,2025/02/19 10:36:58,boss
北京,普工,5-6K,"4人间宿舍缴纳社保月休四天读写26个字母厂内食堂
交通补助，全勤奖，餐补，节日福利",北鹏集团,建筑材料|未融资|1000-9999人,,1年以内|中专/中技,,,,2025/02/19 10:36:58,boss
北京,贰拾柒人鲜花招聘普工/操作工,6-7K,加班补助，带薪年假，绩效奖金，五险一金，节日福利，节假日加班费,贰拾柒人鲜花,物流/仓储|A轮|20-99人,,经验不限|学历不限,,,,2025/02/19 10:36:58,boss
北京,骊能新能源招聘普工/操作工,4-5K,"缴纳社保月结工资有餐补
包吃，节日福利，五险一金，免费工装，带薪年假，团建聚餐，免费班车，绩效奖金，餐补，补充医疗保险，员工旅游，有无线网，生日福利，定期体检",骊能新能源,其他新能源|未融资|20-99人,,1-3年|大专,,,,2025/02/19 10:36:58,boss
北京,8千直招普工包吃住,10-11K,包吃包住话补搬运/装卸工叉车工家电月休四天全勤奖晋升空间大,宏通商贸,进出口贸易|20-99人,,经验不限|学历不限,,,,2025/02/19 10:36:58,boss
北京·顺义区·石园,中科瑞阳招聘普工/操作工,3-7K,普工组装,中科瑞阳,环保|未融资|100-499人,,经验不限|高中,,,,2025/02/19 10:36:59,boss
北京·通州区·开发区,普工/操作工,4.1-6K,"工作餐免费有餐补4人间宿舍有WIFI缴纳社保三班倒做五休二月结工资
免费工装，五险一金，有无线网，节假日加班费，包住，法定节假日三薪，节日福利，定期体检，包吃，交通补助，生日福利，带薪年假，宿舍有空调，全勤奖，加班补助，补充医疗保险，绩效奖金，夜班补助，年终奖，餐补",润泰环保,机械设备/机电/重工|100-499人,,经验不限|中专/中技,,,,2025/02/19 10:36:59,boss
北京,华创鼎成不锈钢制品招聘折弯工,5-10K,,华创鼎成不锈钢制品,原材料及加工/模具|0-20人,,经验不限|学历不限,,,,2025/02/19 10:36:59,boss
北京·通州区·马驹桥,通州小米物流部叉车司机和普工,6-8K,"货物验收/入库货物出库货物配送叉车司机接受倒班
通讯补贴，交通补助，餐补，五险一金，免费班车，节日福利，定期体检，包吃，住房补贴",中邮物流供应链,物流/仓储|不需要融资|100-499人,,1年以内|初中及以下,,,,2025/02/19 10:36:59,boss
北京·朝阳区·马泉营,组装普工,4-5K,"电子元件组装1-3年经验偏好无尘服/不偏好穿无尘服月结
加班补助，交通补助，团队活动，餐补，通讯补贴，员工旅游，五险，年终奖",远锋博岳,仪器仪表/工业自动化|未融资|0-20人,,1-3年|学历不限,,,,2025/02/19 10:36:59,boss
北京·顺义区·马坡,达美乐中国招聘普工/操作工,5-6K,"缴纳社保长白班月结工资
五险一金，节日福利，法定节假日三薪，加班补助，保底工资，零食下午茶，商业保险，生日福利，团建聚餐，定期体检，员工旅游，带薪病假，补充医疗保险，带薪年假，通讯补贴，年终奖",达美乐中国,餐饮|已上市|10000人以上,,经验不限|学历不限,,,,2025/02/19 10:36:59,boss
北京·大兴区·亦庄,北京利丰雅高招聘普工/操作工,5.7-6.5K,装订厂印刷厂普工/操作工,北京利丰雅高,其他行业|不需要融资|500-999人,,经验不限|学历不限,,,,2025/02/19 10:36:59,boss
北京·朝阳区·豆各庄,普工/学徒工,3-4.5K,"工作餐免费住宿免费有空调水电免费月休四天月结工资
定期体检，股票期权，补充医疗保险，五险一金，包住，年终奖，带薪年假，员工旅游，零食下午茶，免费班车",都市农汇,电子商务|不需要融资|20-99人,,经验不限|学历不限,,,,2025/02/19 10:36:56,boss
北京,北京迪赛奇正科技招聘普工/操作工,4-4.1K,"缴纳社保月结工资有餐补体检免费住宿免费恒温车间
生日福利，节日福利，加班补助，绩效奖金，带薪年假，员工旅游，五险一金，全勤奖，团建聚餐，免费工装，餐补，定期体检",北京迪赛奇正科技,电子/硬件开发|不需要融资|100-499人,,1-3年|学历不限,,,,2025/02/19 10:36:56,boss
北京,贞玉药业招聘普工/操作工,3-5K,"月结工资缴纳社保做五休二车间流水线有餐补厂内食堂住宿免费2人间宿舍
加班补助，包吃，提供住宿，五险",贞玉药业,生物/制药|不需要融资|100-499人,,1年以内|中专/中技,,,,2025/02/19 10:36:56,boss
北京·昌平区·马池口,普工/学徒工,4-9K,五险一金加班费住房公积金商业保险带薪年假周末双休八小时工作制绩效奖金,中淼环境,环保|0-20人,,1-3年|中专/中技,,,,2025/02/19 10:36:56,boss
北京·顺义区·石园,普工招聘,4-8K,厂内食堂缴纳社保月休四天两班倒月结工资,中国航发北京航空材料,其他行业|20-99人,,经验不限|高中,,,,2025/02/19 10:36:56,boss
北京·顺义区·后沙峪,生产车间普工,5-6K,"恒温车间两班倒书籍装订
免费班车，定期体检，餐补，节日福利，带薪年假，员工公寓，五险一金，员工旅游，住房补贴，全勤奖，交通补助，通讯补贴，加班补助，内部福利食堂，年终奖，补充医疗保险",雅昌文化集团,其他行业|未融资|1000-9999人,,经验不限|学历不限,,,,2025/02/19 10:36:57,boss
北京·房山区·燕山,普工/操作工,5-7K,三餐免费厂内食堂4人间宿舍月结工资,天华剑锋,其他生活服务|100-499人,,经验不限|学历不限,,,,2025/02/19 10:36:57,boss
北京·通州区·马驹桥,电子操作工/普工,4-5K,做六休一长白班坐班月结工资不穿无尘服有餐补轻工岗,富盛瑞嘉,仪器仪表/工业自动化|20-99人,,1年以内|学历不限,,,,2025/02/19 10:36:57,boss
北京,普工/操作工,4-6K,"有空调缴纳社保恒温车间做五休二月结工资体检免费有餐补
节日福利，交通补助，五险一金，加班补助，餐补，年终奖，带薪年假，全勤奖",榜首科技,机械设备/机电/重工|未融资|20-99人,,1-3年|学历不限,,,,2025/02/19 10:36:57,boss
北京·通州区·张家湾,普工,6-7K,长白班三餐免费2人间宿舍有WIFI缴纳社保月结工资体检免费车间流水线水电免费,北京德体商贸有限公司,建筑材料|未融资|0-20人,,经验不限|学历不限,,,,2025/02/19 10:36:57,boss
北京·昌平区·北七家,食品厂招普工/一线操作工,6-8K,4-8人间宿舍住宿免费水电免费缴纳社保恒温车间不穿无尘服长白班月结工资厂内食堂,北京稻香村,食品/饮料/烟酒|1000-9999人,,经验不限|学历不限,,,,2025/02/19 10:36:57,boss
北京·大兴区·亦庄,电子厂普工,6-8K,"三餐免费厂内食堂有餐补4-8人间宿舍住宿免费有空调缴纳社保不穿无尘服坐班恒温车间两班倒做六休一月休四天月结工资体检免费免体检包进读写26个字母
全勤奖，节日福利，团建聚餐，保底工资，夜班补助，包吃，五险一金，底薪加提成，宿舍有空调，免费班车，绩效奖金，包住，交通补助，节假日加班费，工龄奖，免费工装，高温补贴，餐补，意外险，法定节假日三薪",北京鸿海众志,人力资源服务|1000-9999人,,经验不限|学历不限,,,,2025/02/19 10:36:57,boss
北京·大兴区·天宫院,普工/操作工,4-5.5K,"厂内食堂有餐补2人间宿舍住宿免费缴纳社保恒温车间车间流水线做六休一长白班月结工资
节日福利，五险一金，餐补，交通补助，通讯补贴，全勤奖，定期体检",中瑞公司,生物/制药|100-499人,,经验不限|初中及以下,,,,2025/02/19 10:36:57,boss
北京·通州区·张家湾,北京居斯逸招聘普工/操作工,7-8K,"厂内食堂有空调
年终奖，包住，有无线网，包吃",北京居斯逸,建筑材料|未融资|20-99人,,经验不限|学历不限,,,,2025/02/19 10:36:57,boss
北京·房山区·阎村,普工,3-8K,厂内食堂4人间宿舍缴纳商保车间流水线月结工资,祥盛和顺工贸,人力资源服务|100-499人,,经验不限|学历不限,,,,2025/02/19 10:36:57,boss
北京,北京华联印刷有限公司招聘普工/操作工,5-7K,"厂内食堂4人间宿舍缴纳社保两班倒月结工资体检免费
员工旅游，免费班车，带薪年假，包吃，节日福利，五险一金，定期体检，补充医疗保险",北京华联印刷有限公司,印刷/包装/造纸|不需要融资|500-999人,,经验不限|学历不限,,,,2025/02/19 10:36:57,boss
北京·丰台区·新发地,旗胜招聘普工/操作工,7-8K,"有空调有WIFI工作餐免费不看显微镜住宿免费缴纳商保长白班三餐免费2人间宿舍月结工资不穿无尘服水电免费免体检包进
团建聚餐，有无线网，保底工资，五险一金，带薪年假，绩效奖金，包吃，零食下午茶，全勤奖，年终奖，底薪加提成，节日福利",旗胜,批发/零售|不需要融资|0-20人,,1-3年|学历不限,,,,2025/02/19 10:36:57,boss
北京·顺义区·马坡,普工,5.5-6K,包吃包住全职,北京华艺时创玻璃...,建筑材料|0-20人,,经验不限|初中及以下,,,,2025/02/19 10:36:57,boss
北京·海淀区·学院路,小象仓储普工月9K 无需经验，当天入职,6-8K,"小象超市理货员长白班分拣员
住房补贴，年终奖，带薪年假，零食下午茶，节日福利，生日福利，五险一金，加班补助，意外险，股票期权，免费工装，高温补贴，绩效奖金，保底工资，有无线网，员工旅游，宿舍有空调，通讯补贴，底薪加提成，补充医疗保险",小象,电子商务|已上市|1000-9999人,,经验不限|学历不限,,,,2025/02/19 10:36:57,boss
北京,普工/操作工,6-7K,包吃包住技工学徒商业保险意外险加班费全勤奖普工,英华盛业,建筑材料|20-99人,,经验不限|学历不限,,,,2025/02/19 10:36:57,boss
北京·通州区·马驹桥,新发领航招聘普工/操作工,5-7K,月结工资缴纳社保长白班不穿无尘服午餐免费住宿免费免体检包进,新发领航,广告/公关/会展|未融资|20-99人,,经验不限|高中,,,,2025/02/19 10:36:57,boss
北京,北京京讯递科技招聘普工/操作工,6.2-7K,"4-8人间宿舍有空调住宿免费
包吃，餐补，带薪年假，绩效奖金，团建聚餐，通讯补贴，工龄奖，员工旅游，全勤奖，免费工装，法定节假日三薪，五险一金，年终奖，高温补贴，节日福利，定期体检，节假日加班费，加班补助",北京京讯递科技,物流/仓储|不需要融资|10000人以上,,经验不限|学历不限,,,,2025/02/19 10:36:57,boss
北京,普工/操作工,4-5K,厂内食堂4人间宿舍做六休一月结工资,麒芯科技,电子/半导体/集成电路|20-99人,,经验不限|学历不限,,,,2025/02/19 10:36:57,boss
北京,顺丰普工装卸工,6-8K,"包住夜班补助高温补贴全勤奖全职兼职均可餐补五险
通讯补贴，包吃，五险一金，补充医疗保险，餐补，加班补助，住房补贴，员工旅游，零食下午茶，带薪年假，定期体检，全勤奖，交通补助，节日福利，免费班车",顺丰速运,快递|已上市|10000人以上,,经验不限|中专/中技,,,,2025/02/19 10:36:57,boss
北京·大兴区·亦庄,布麓耐特招聘普工/操作工,4-6K,"有餐补缴纳社保不穿无尘服坐班做五休二长白班月结工资体检免费七险一金足额缴纳
餐补，团建聚餐，补充医疗保险，定期体检，绩效奖金，节日福利，五险一金，员工旅游，带薪年假，生日福利，保底工资",布麓耐特,医疗器械|未融资|20-99人,,经验不限|高中,,,,2025/02/19 10:36:57,boss
北京,食品厂普工,5-6K,,京冻港(生鲜),物流/仓储|0-20人,,经验不限|学历不限,,,,2025/02/19 10:36:57,boss
北京,皓海嘉业招聘普工/操作工,5-6K,"4-8人间宿舍
加班补助，带薪年假，定期体检",皓海嘉业,其他制造业|未融资|100-499人,,经验不限|学历不限,,,,2025/02/19 10:36:57,boss
北京,普工/操作工,4-5K,午餐免费长白班有WIFI月结工资住宿免费,曹老吹,食品/饮料/烟酒|0-20人,,经验不限|学历不限,,,,2025/02/19 10:36:57,boss
北京·顺义区·仁和,北京延锋招聘普工,7-8K,有空调有WIFI工作餐免费月结工资4人间宿舍不穿无尘服两班倒读写26个字母缴纳商保,延锋海纳川,互联网|1000-9999人,,经验不限|学历不限,,,,2025/02/19 10:36:57,boss
北京,得福祥餐饮招聘普工/操作工,4-4.5K,"三餐免费工作餐免费4-8人间宿舍缴纳商保月结工资体检免费
年终奖，免费工装，意外险，宿舍有空调，包住，包吃，带薪年假，节日福利，加班补助，五险一金，有无线网",得福祥餐饮,餐饮|不需要融资|100-499人,,经验不限|学历不限,,,,2025/02/19 10:36:57,boss
北京,广联数科招聘普工/操作工,5-6K,"做五休二坐班缴纳商保
生日福利，节日福利，带薪年假，年终奖，五险一金",广联数科,计算机服务|A轮|100-499人,,经验不限|学历不限,,,,2025/02/19 10:36:55,boss
北京·大兴区·旧宫,普工长白班,5-6K,"月结工资免体检包进缴纳商保两班倒车间流水线工作餐免费厂内食堂住宿免费包住包吃
五险一金，餐补",富诚彩色印刷有限公司,印刷/包装/造纸|100-499人,,经验不限|学历不限,,,,2025/02/19 10:36:55,boss
北京·昌平区·城南,海昌淼电子招聘普工/操作工,5-8K,"缴纳社保不穿无尘服坐班恒温车间车间流水线不看显微镜月结工资
包吃，带薪年假，全勤奖，加班补助",海昌淼电子,仪器仪表|20-99人,,经验不限|学历不限,,,,2025/02/19 10:36:55,boss
北京,北京海纳川汽车招聘普工/操作工,6-6.1K,有空调做六休一有WIFI缴纳社保工作餐免费不看显微镜有餐补环境好 有空调4-8人间宿舍月结工资不穿无尘服两班倒体检免费恒温车间,北京海纳川汽车,汽车研发/制造|1000-9999人,,经验不限|学历不限,,,,2025/02/19 10:36:55,boss
北京·怀柔区·庙城,普工/操作工,6-7.1K,有空调有WIFI工作餐免费车间操作工周结工资车间流水线缴纳商保长白班汽车配件厂4人间宿舍不穿无尘服普工厂内食堂免体检包进,北京京田科贸,其他专业服务|500-999人,,经验不限|学历不限,,,,2025/02/19 10:36:55,boss
北京·大兴区·黄村,普工坐岗260包吃住月8k可预支,6.2-7.8K,"有空调做六休一长白班坐班月结工资4人间宿舍不穿无尘服两班倒住宿免费恒温车间
加班补助，住房补贴，带薪年假，定期体检，五险一金，餐补，包吃，节日福利，年终奖",北京百卡弗,食品/饮料/烟酒|不需要融资|100-499人,,经验不限|学历不限,,,,2025/02/19 10:36:55,boss
北京·房山区·良乡,食品厂普工,6-7K,2人间宿舍,北京瑞阳恒业商贸,其他制造业|20-99人,,经验不限|学历不限,,,,2025/02/19 10:36:55,boss
北京,普通工人,5-7.5K,,东方信创,通信/网络设备|20-99人,,经验不限|学历不限,,,,2025/02/19 10:36:55,boss
北京·顺义区·仁和,普工,3.2-4.8K,"三餐免费2人间宿舍住宿免费有WIFI坐班月休四天长白班月结工资
餐补，包吃，带薪年假，全勤奖",东方弘盛,原材料及加工/模具|未融资|20-99人,,经验不限|中专/中技,,,,2025/02/19 10:36:55,boss
北京,普工,3-4K,"午餐免费做五休二缴纳社保月结工资
节日福利，补充医疗保险，年终奖，包住，员工旅游，包吃，全勤奖，餐补",古韵流村食品科技,食品/饮料/烟酒|不需要融资|0-20人,,1-3年|学历不限,,,,2025/02/19 10:36:55,boss
北京,生产车间普工,4-4.5K,"做六休一听力残疾无限制缴纳社保听力残疾言语残疾月结工资言语残疾无限制车间流水线免体检包进
加班补助，餐补，五险",阳光雨露饮品公司,食品/饮料/烟酒|未融资|20-99人,,经验不限|学历不限,,,,2025/02/19 10:36:55,boss
北京·通州区·宋庄,普工/操作工,4-5K,"有空调2人间宿舍夫妻房月结工资水电免费
定期体检，五险一金",北京天辰市政管理,人力资源服务|未融资|20-99人,,经验不限|学历不限,,,,2025/02/19 10:36:55,boss
北京,电子厂普工,6-8K,,邯郸熙世,人力资源服务|20-99人,,经验不限|学历不限,,,,2025/02/19 10:36:55,boss
北京·昌平区·昌平镇,乐普医疗招聘普工（外包 ）,6-7K,"厂内食堂需穿无尘服恒温车间长白班
免费班车，五险一金，定期体检，包吃，补充医疗保险，员工旅游，交通补助，节日福利，餐补，通讯补贴",乐普医疗集团,医疗健康|已上市|1000-9999人,,经验不限|学历不限,,,,2025/02/19 10:36:55,boss
北京·顺义区·后沙峪,陆美食品招聘普工/操作工,5-6K,"三餐免费
法定节假日三薪，宿舍有空调，包吃，全勤奖，包住",陆美食品,食品/饮料/烟酒|未融资|100-499人,,经验不限|学历不限,,,,2025/02/19 10:36:55,boss
北京·朝阳区·王四营,库房普工,5-8K,货物验收/入库货物存储/防护货物出库货物配送库存控制/盘点食宿免费 4人间 长白班 工资月结,优溢鑫商贸有限公司,其他专业服务|20-99人,,经验不限|学历不限,,,,2025/02/19 10:36:55,boss
北京·顺义区·后沙峪,北京亚泽中保集成...招聘普工/操作工,5-7K,"厂内食堂缴纳社保恒温车间做六休一月结工资
股票期权，团建聚餐，通讯补贴，免费工装，有无线网，加班补助，生日福利，包吃，绩效奖金，员工旅游，节日福利，带薪年假，五险一金，底薪加提成，保底工资，定期体检",北京亚泽中保集成...,半导体/芯片|B轮|100-499人,,1-3年|中专/中技,,,,2025/02/19 10:36:55,boss
北京,普工/操作工,5-7K,"有餐补缴纳社保做六休一月结工资
住房补贴，餐补",月花,机械设备/机电/重工|20-99人,,1-3年|学历不限,,,,2025/02/19 10:36:55,boss
北京,普工/操作工,6-8K,"长白班工作餐免费月结工资不看显微镜4人间宿舍体检免费恒温车间缴纳商保
免费工装，全勤奖，包吃，包住，五险一金，加班补助，法定节假日三薪",泰和顺平,机械设备/机电/重工|100-499人,,经验不限|学历不限,,,,2025/02/19 10:36:55,boss
北京·大兴区·亦庄,北京中渲物流有限公司招聘普工/操作工,6-7.5K,"4-8人间宿舍有空调有WIFI水电免费不看显微镜不穿无尘服恒温车间两班倒月休四天做六休一周结工资读写26个字母
免费工装，住房补贴，定期体检，免费班车，生日福利，宿舍有空调，年终奖，团建聚餐，员工旅游，法定节假日三薪，节日福利，工龄奖，有无线网，夜班补助，全勤奖，五险一金，带薪年假，加班补助",北京中渲物流有限公司,公路物流|500-999人,,经验不限|学历不限,,,,2025/02/19 10:36:55,boss
北京·大兴区·亦庄,马驹桥电子厂普工长白坐岗包食宿,5-6K,"工作餐免费2人间宿舍4人间宿舍缴纳社保不看显微镜不穿无尘服坐班恒温车间做六休一长白班月结工资体检免费
定期体检，带薪年假，加班补助，年终奖，节日福利",柏瑞安,其他行业|未融资|100-499人,,经验不限|学历不限,,,,2025/02/19 10:36:56,boss
北京·丰台区·花乡,普工,4.5-8K,住宿免费水电免费,北京英华达管道科技,装修装饰|20-99人,,经验不限|学历不限,,,,2025/02/19 10:36:56,boss
北京·顺义区·石园,全景恒升招聘普工/操作工,4-4.1K,"缴纳社保月结工资有餐补
餐补，补充医疗保险，年终奖，员工旅游，住房补贴，节日福利，五险一金，带薪年假",全景恒升,医疗健康|不需要融资|100-499人,,1-3年|学历不限,,,,2025/02/19 10:36:56,boss
北京·昌平区·昌平镇,普工 组装工 电子焊接,5-6K,工作餐免费不看显微镜不穿无尘服坐班做六休一长白班月结工资读写26个字母工作简单包教包会团队年轻烙铁焊接组装胶壳 束线 包胶布裁线 剥线,艾瑞兴创,电子商务|0-20人,,经验不限|初中及以下,,,,2025/02/19 10:36:56,boss
北京·平谷区·兴谷,普工/操作工,4-5K,缴纳社保,北京特色东方医药...,医疗器械|20-99人,,1年以内|中专/中技,,,,2025/02/19 10:36:56,boss
北京·朝阳区·奥运村,北京艺天家居有限公司招聘学徒工,4-8K,"包住意外险宿舍有空调团建聚餐
交通补助，免费工装，有无线网，年终奖，全勤奖，团建聚餐，宿舍有空调，夜班补助，包住，底薪加提成，加班补助，住房补贴，意外险",北京艺天家居有限公司,其他专业服务|0-20人,,经验不限|学历不限,,,,2025/02/19 10:36:56,boss
北京,五金普工,5-7K,"住宿免费缴纳社保月结工资
五险一金，补充医疗保险，加班补助，全勤奖，员工旅游",北京爱司曼环保,环保|0-20人,,3-5年|高中,,,,2025/02/19 10:36:56,boss
北京·通州区·马驹桥,中都星徽物流有限公司招聘普工/操作工,6-7K,,中都星徽物流有限公司,物流/仓储|1000-9999人,,经验不限|学历不限,,,,2025/02/19 10:36:56,boss
北京·通州区·玉桥,普工/操作工,5-6K,午餐免费有空调做六休一坐班体检免费住宿免费周结工资水电免费,北京市腾荣达家电...,电子/半导体/集成电路|0-20人,,经验不限|学历不限,,,,2025/02/19 10:36:56,boss
北京·朝阳区·王四营,画框装裱加工普工,7-8K,有WIFI工作餐免费月结工资4人间宿舍有餐补住宿免费读写26个字母,桓城框业,广告/公关/会展|0-20人,,经验不限|学历不限,,,,2025/02/19 10:36:56,boss
北京,医疗工厂普工（包吃住）,3-5K,包吃包住周末单休,美后,医疗器械|100-499人,,经验不限|学历不限,,,,2025/02/19 10:36:53,boss
北京·通州区·马驹桥,小米汽车科技有限公司招聘普工/操作工,7-8K,"有空调做六休一有WIFI缴纳社保工作餐免费不看显微镜读写26个字母月结工资4人间宿舍不穿无尘服两班倒厂内食堂恒温车间水电免费
年终奖，定期体检，餐补，带薪年假，免费班车，免费工装，补充医疗保险，五险一金，高温补贴，股票期权，住房补贴，生日福利",小米汽车科技有限公司,汽车研发/制造|不需要融资|1000-9999人,,经验不限|学历不限,,,,2025/02/19 10:36:53,boss
北京,北京海纳川汽车招聘普工/操作工,5-7K,厂内食堂有餐补缴纳社保做六休一月休四天长白班月结工资读写26个字母,北京海纳川汽车,汽车研发/制造|1000-9999人,,经验不限|学历不限,,,,2025/02/19 10:36:53,boss
北京·通州区·开发区,自然之星招聘普工/操作工,5-7K,"有空调三餐免费月结工资缴纳商保
零食下午茶，绩效奖金，节日福利，五险一金，免费午餐，双休",自然之星,食品/饮料/烟酒|未融资|1000-9999人,,经验不限|学历不限,,,,2025/02/19 10:36:53,boss
北京·朝阳区·花家地,便利蜂招聘店员/营业员,7-8K,"全职兼职轮班就近分配月结超市便利
定期体检，带薪年假，节日福利",便利蜂,互联网|不需要融资|10000人以上,,经验不限|学历不限,,,,2025/02/19 10:36:53,boss
北京·通州区·马驹桥,中介公司招聘普工/操作工,6-7K,"厂内食堂4-8人间宿舍车间流水线两班倒日结工资5天后工作日每天可预支260，有食堂宿舍
生日福利，餐补，免费班车，住房补贴，补充医疗保险，年终奖，带薪年假，股票期权，高温补贴，五险一金，定期体检，免费工装",小米汽车科技有限公司,汽车研发/制造|不需要融资|1000-9999人,,经验不限|初中及以下,,,,2025/02/19 10:36:53,boss
北京·通州区·马驹桥,中都星徽物流有限公司招聘普工/操作工,6-7.5K,做六休一有餐补4-8人间宿舍,中都星徽物流有限公司,物流/仓储|1000-9999人,,经验不限|学历不限,,,,2025/02/19 10:36:53,boss
北京·延庆区·康庄,生产车间普工,5.5-8K,"4人间宿舍有WIFI缴纳社保车间流水线不看显微镜不穿无尘服做六休一长白班月结工资三餐免费厂内食堂工作餐免费
带薪年假，餐补，免费工装，包吃，有无线网，五险一金，节日福利，生日福利，零食下午茶，年终奖，交通补助，工龄奖，包住，通讯补贴，定期体检，员工旅游",环都拓普空调,机械设备/机电/重工|不需要融资|500-999人,,经验不限|学历不限,,,,2025/02/19 10:36:53,boss
北京,7K包吃住食品厂普工,6.5-7.5K,定期体检，年终奖，包吃，五险一金，节日福利，员工旅游，带薪年假，零食下午茶，加班补助,亿滋食品,食品/饮料/烟酒|已上市|10000人以上,,经验不限|学历不限,,,,2025/02/19 10:36:53,boss
北京·大兴区·马驹桥,纳百生物招聘普工/操作工,4-5K,"长白班月结工资不穿无尘服车间流水线
五险一金，节日福利，年终奖，团建活动，定期体检，带薪年假",纳百生物,其他行业|未融资|100-499人,,经验不限|学历不限,,,,2025/02/19 10:36:53,boss
北京·大兴区·亦庄,中介公司招聘普工/操作工,6-7.5K,有餐补4-8人间宿舍缴纳社保恒温车间不穿无尘服不看显微镜两班倒月结工资,北京奔驰有限公司,物流/仓储|0-20人,,经验不限|学历不限,,,,2025/02/19 10:36:53,boss
北京,北京长安汽车招聘普工/操作工,6-8K,"4人间宿舍有空调缴纳社保恒温车间做六休一不体检
包住，带薪年假，生日福利，五险一金，免费工装，全勤奖，节假日加班费，交通补助，定期体检，零食下午茶，宿舍有空调，工龄奖，保底工资，包吃，餐补，住房补贴，年终奖，补充医疗保险，节日福利，高温补贴",北京长安汽车,汽车研发/制造|已上市|10000人以上,,经验不限|学历不限,,,,2025/02/19 10:36:53,boss
北京,普工/操作工,5-6K,三餐免费4人间宿舍月结工资,摩卡空间,餐饮|20-99人,,经验不限|学历不限,,,,2025/02/19 10:36:53,boss
北京,普工/操作工,5-7K,"生产操作
五险一金，加班补助，餐补，零食下午茶，定期体检，住房补贴，节日福利，年终奖，股票期权，通讯补贴，带薪年假",易合医药,生物/制药|天使轮|20-99人,,1-3年|大专,,,,2025/02/19 10:36:53,boss
北京·昌平区·北七家,普工,5-6K,有空调长白班三餐免费工作餐免费月结工资厂内食堂住宿免费水电免费,福瑞兴,非金属矿物制品|0-20人,,经验不限|学历不限,,,,2025/02/19 10:36:53,boss
北京·朝阳区·高碑店,紫翔科技招聘普工/操作工,7.9-8K,三餐免费4-8人间宿舍不看显微镜不穿无尘服坐班长白班月休四天,紫翔科技,机械设备/机电/重工|500-999人,,经验不限|学历不限,,,,2025/02/19 10:36:53,boss
北京·大兴区·黄村,大兴面包厂包吃住贴签装盒等普工6000-7000,6-7K,"午餐免费有空调厂内食堂4-8人间宿舍
绩效奖金，包住，年终奖，有无线网，宿舍有空调，五险一金，员工旅游，高温补贴，零食下午茶，包吃，法定节假日三薪，保底工资，带薪年假，节日福利，夜班补助，定期体检",中粮丰通,食品/饮料/烟酒|未融资|100-499人,,经验不限|学历不限,,,,2025/02/19 10:36:54,boss
北京·通州区·马驹桥,北京万晟汽车底盘系统招聘普工/操作工,5-6K,缴纳商保不看显微镜不穿无尘服车间流水线做五休二月结工资免体检包进,北京万晟汽车底盘系统,汽车零部件|500-999人,,1年以内|中专/中技,,,,2025/02/19 10:36:54,boss
北京,万龙精益招聘普工/操作工,5.2-6K,"2人间宿舍缴纳社保4人间宿舍厂内食堂
年终奖，夜班补助，员工旅游，宿舍有空调，生日福利，五险一金，工龄奖，加班补助，绩效奖金，团建聚餐，带薪年假",万龙精益,电子/硬件开发|未融资|100-499人,,1年以内|学历不限,,,,2025/02/19 10:36:54,boss
北京,21cake招聘普工/操作工,4-7K,做六休一需穿无尘服缴纳社保工作餐免费月结工资4人间宿舍两班倒包吃包住普工厂内食堂恒温车间五险,21cake,互联网|未融资|1000-9999人,,经验不限|学历不限,,,,2025/02/19 10:36:54,boss
北京·顺义区·马坡,上海致和通汽车科技招聘普工/操作工,7-8K,"4人间宿舍缴纳商保不穿无尘服长白班月结工资
意外险，生日福利，宿舍有空调，绩效奖金，年终奖，全勤奖，住房补贴，法定节假日三薪，节假日加班费，包住，五险一金，底薪加提成，免费工装，带薪年假，加班补助，保底工资",上海致和通汽车科技,汽车研发/制造|未融资|20-99人,,经验不限|学历不限,,,,2025/02/19 10:36:54,boss
北京·朝阳区·酒仙桥,ABB招聘普工/操作工,4-5K,做五休二缴纳社保工作餐免费住宿免费,ABB,仪器仪表/工业自动化|1000-9999人,,经验不限|学历不限,,,,2025/02/19 10:36:54,boss
北京·大兴区·黄村,壹号食品招聘普工/操作工,5.5-7K,"厂内食堂住宿免费缴纳社保
包吃，节日福利，宿舍有空调，带薪年假，团建聚餐，员工旅游，年终奖，工龄奖，绩效奖金，交通补助，五险一金",壹号食品,生活服务(O2O)|不需要融资|1000-9999人,,经验不限|学历不限,,,,2025/02/19 10:36:54,boss
北京·昌平区·沙河,中国建材院招聘普工/操作工,5.5-6.5K,"厂内食堂住宿免费周结工资
五险一金",中国建材院,学术/科研|不需要融资|1000-9999人,,经验不限|学历不限,,,,2025/02/19 10:36:54,boss
北京·通州区·马驹桥,普工,5-8K,"不穿无尘服厂内食堂4-8人间宿舍
补充医疗保险，餐补，五险一金，住房补贴，定期体检，免费班车，年终奖，生日福利，高温补贴，带薪年假，股票期权，免费工装",小米汽车科技有限公司,汽车研发/制造|不需要融资|1000-9999人,,经验不限|学历不限,,,,2025/02/19 10:36:54,boss
北京,信维创科通信招聘普工/操作工,6.5-8K,4-8人间宿舍不看显微镜不穿无尘服坐班两班倒日结工资工作餐免费厂内食堂体检免费,信维创科通信,电子/半导体/集成电路|已上市|1000-9999人,,经验不限|学历不限,,,,2025/02/19 10:36:54,boss
北京·顺义区·仁和,操作工/普工,7-8K,厂内食堂工作餐免费4人间宿舍有WIFI有空调缴纳商保不看显微镜不穿无尘服恒温车间两班倒月结工资读写26个字母缝纫工，包覆工，喷胶、喷漆工,延锋海纳川,互联网|1000-9999人,,经验不限|初中及以下,,,,2025/02/19 10:36:54,boss
北京,宠物鲜食工厂普工,25-30元/时,"小时工
带薪年假，五险一金，餐补，股票期权，定期体检，年终奖，员工旅游，节日福利",欧南宠物鲜食,食品/饮料/烟酒|未融资|0-20人,,经验不限|学历不限,,,,2025/02/19 10:36:54,boss
北京·顺义区·南彩,万集招聘普工/操作工,5.5-6K,坐班恒温车间,万集,汽车零部件|500-999人,,经验不限|学历不限,,,,2025/02/19 10:36:54,boss
北京·通州区·马驹桥,普工操作工,6-7K,"缴纳社保月结工资两班倒有餐补厂内食堂
节假日加班费，节日福利，五险一金，住房补贴，团建聚餐，通讯补贴，加班补助，带薪年假，全勤奖，餐补，法定节假日三薪，员工旅游，企业年金，绩效奖金，保底工资，年终奖，交通补助，定期体检，夜班补助，补充医疗保险",新光凯乐,汽车研发/制造|未融资|100-499人,,经验不限|学历不限,,,,2025/02/19 10:36:54,boss
北京,麦恋谷招聘普工/操作工,6.5-8K,"厂内食堂住宿免费缴纳商保车间流水线做六休一月休四天长白班日结工资
包吃，夜班补助，绩效奖金，五险一金",麦恋谷,食品/饮料/烟酒|未融资|100-499人,,经验不限|学历不限,,,,2025/02/19 10:36:51,boss
北京·大兴区·亦庄,兆阳能源招聘普工/操作工,6-8K,"三餐免费厂内食堂清真食堂4人间宿舍有WIFI有空调水电免费缴纳社保坐班不穿无尘服做六休一长白班周结工资免体检包进体检免费可兼职
带薪年假，节日福利，全勤奖，加班补助，五险一金，餐补",兆阳能源,新能源|未融资|500-999人,,经验不限|学历不限,,,,2025/02/19 10:36:51,boss
北京·大兴区·亦庄,北京昌数科技有限公司招聘普工/操作工,6-7.5K,三餐免费午餐免费厂内食堂工作餐免费4人间宿舍有空调有WIFI水电免费缴纳社保不看显微镜不穿无尘服坐班恒温车间做六休一月休四天两班倒周结工资体检免费免体检包进读写26个字母,北京昌数科技有限公司,仪器仪表/工业自动化|1000-9999人,,经验不限|学历不限,,,,2025/02/19 10:36:51,boss
北京,北京鑫盛招聘普工/操作工,7-8K,"有空调有WIFI缴纳社保夫妻房有餐补厂内食堂4-8人间宿舍住宿免费
年终奖，五险一金，法定节假日三薪，宿舍有空调，免费工装，保底工资，定期体检，有无线网，团建聚餐，全勤奖，包住，夜班补助，底薪加提成，包吃，加班补助，带薪年假，绩效奖金，意外险，工龄奖，住房补贴",北京鑫盛,快递|未融资|1000-9999人,,经验不限|学历不限,,,,2025/02/19 10:36:51,boss
北京·通州区·马驹桥,小米汽车普工岗位多300包进+包吃住高薪,7-8K,"厂内食堂4人间宿舍有WIFI有空调不看显微镜不穿无尘服坐班恒温车间月休四天月结工资读写26个字母
12%公积金，带薪年假，定期体检，节日福利，餐补，五险一金，年终奖，股票期权，补充医疗保险",小米,互联网|已上市|10000人以上,,经验不限|学历不限,,,,2025/02/19 10:36:51,boss
北京·通州区·马驹桥,小米汽车有限公司招聘普工/操作工,7.5-8K,午餐免费有空调做六休一三餐免费有WIFI日结工资夫妻房4人间宿舍厂内食堂月休四天免体检包进,小米汽车有限公司,汽车研发/制造|500-999人,,经验不限|学历不限,,,,2025/02/19 10:36:51,boss
北京,信维(北京)招聘普工/操作工,6-7K,"厂内食堂午餐免费工作餐免费4-8人间宿舍有空调有WIFI缴纳社保恒温车间不穿无尘服坐班两班倒做六休一月休四天月结工资读写26个字母
宿舍有空调，夜班补助，五险一金，餐补，包住，生日福利，节假日加班费，有无线网，全勤奖，包吃，节日福利，法定节假日三薪，工龄奖，定期体检",信维(北京),消费电子|已上市|10000人以上,,经验不限|学历不限,,,,2025/02/19 10:36:51,boss
北京·大兴区·庞各庄,蜀海食品招聘普工/操作工,7-8K,三餐免费厂内食堂4-8人间宿舍做六休一两班倒月结工资读写26个字母操作工,蜀海食品,物流/仓储|100-499人,,经验不限|学历不限,,,,2025/02/19 10:36:51,boss
北京·大兴区·亦庄,远航中都人力资源招聘包装工,6-8K,"月结周结包吃提供住宿
工龄奖，带薪年假，五险，餐补，年终奖，通讯补贴，员工旅游，五险一金，底薪加提成，全勤奖，保底工资，包住宿，意外险，包吃",远航中都人力资源,人力资源服务|未融资|1000-9999人,,经验不限|学历不限,,,,2025/02/19 10:36:51,boss
北京,东彩新艺广告招聘普工/操作工,5-8K,"三餐免费住宿免费有空调水电免费恒温车间两班倒月结工资工厂直招
补充医疗保险，全勤奖，年终奖，包吃，包住",东彩新艺广告,广告/公关/会展|20-99人,,经验不限|学历不限,,,,2025/02/19 10:36:51,boss
北京,北郎中屠宰场普工,6-7K,"包两餐夜班补贴需要健康证
带薪年假，交通补助，扁平化管理，免费工装，零食下午茶，餐补",叮咚买菜,互联网|已上市|10000人以上,,经验不限|学历不限,,,,2025/02/19 10:36:51,boss
北京·大兴区·亦庄,北京厂区招聘短期工/普工月薪7k～8k包吃住,7-8K,"三餐免费厂内食堂4人间宿舍住宿免费夫妻房有WIFI有空调不看显微镜不穿无尘服坐班恒温车间两班倒长白班日结工资体检免费
有无线网，高温补贴，法定节假日三薪，团建聚餐，股票期权，五险一金，绩效奖金，包住，带薪年假，包吃，节日福利，年终奖，定期体检，免费工装，免费班车，宿舍有空调，节假日加班费，生日福利",北京盛通印刷,印刷/包装/造纸|已上市|1000-9999人,,经验不限|学历不限,,,,2025/02/19 10:36:51,boss
北京,北京昌平小米手机智能工厂招聘普工8000以上,7.3-7.6K,月结工资福利食堂免费住宿,北京昌数科技有限公司,仪器仪表/工业自动化|1000-9999人,,经验不限|初中及以下,,,,2025/02/19 10:36:51,boss
北京·大兴区·马驹桥,中介公司招聘普工/操作工,5.2-5.5K,有餐补4人间宿舍做六休一长白班月结工资,京东方,其他专业服务|10000人以上,,经验不限|学历不限,,,,2025/02/19 10:36:51,boss
北京·房山区·良乡,南口斯凯孚招聘普工/操作工,5-7K,"4-8人间宿舍坐班恒温车间不穿无尘服长白班月结工资三餐免费
团建聚餐，餐补，高温补贴，免费班车，五险一金，补充医疗保险，带薪年假，生日福利，法定节假日三薪，定期体检，免费工装，年终奖",南口斯凯孚,机械设备/机电/重工|未融资|100-499人,,经验不限|学历不限,,,,2025/02/19 10:36:51,boss
北京,8000电脑翻修厂+坐班普工+五险包吃住,5-8K,"做六休一2人间宿舍缴纳社保工作餐免费坐班月结工资有餐补厂内食堂读写26个字母
包晚餐，零食下午茶，带薪年假，定期体检，节日福利，股票期权，五险一金，餐补，年终奖，免费班车，员工旅游",易点云,企业服务|已上市|1000-9999人,,经验不限|学历不限,,,,2025/02/19 10:36:51,boss
北京,月薪7000诚招普工,7-8K,"中通物流直聘缴纳社保包吃包住
住房补贴，零食下午茶，餐补，带薪年假，宿舍有空调，员工旅游，包住，加班补助，节日福利，年终奖，绩效奖金，生日福利，免费班车，五险一金",中通快递,快递|已上市|10000人以上,,经验不限|初中及以下,,,,2025/02/19 10:36:51,boss
北京·大兴区·亦庄,北京时风物流有限公司招聘普工/操作工,6.5-7.5K,"住宿免费2人间宿舍缴纳社保恒温车间两班倒做六休一月结工资读写26个字母
五险一金，补充医疗保险，年终奖，带薪年假，餐补，节日福利",北京时风物流有限公司,物流/仓储|未融资|100-499人,,经验不限|学历不限,,,,2025/02/19 10:36:51,boss
北京·大兴区·亦庄,京东方招聘普工/操作工,6.5-7.2K,"做六休一三餐免费缴纳社保工作餐免费4-8人间宿舍周结工资月休四天水电免费
定期体检，节假日加班费，法定节假日三薪，加班补助，绩效奖金，免费班车，夜班补助，宿舍有空调，生日福利，带薪年假，高温补贴，有无线网，餐补，员工旅游，企业年金，免费工装，五险一金，年终奖，团建聚餐，节日福利",京东方,智能硬件/消费电子|已上市|10000人以上,,经验不限|学历不限,,,,2025/02/19 10:36:51,boss
北京·昌平区·回龙观,北京小米招聘普工/操作工,6.5-8K,"有空调做六休一有WIFI缴纳社保工作餐免费4-8人间宿舍住宿免费读写26个字母坐班月结工资厂内食堂恒温车间月休四天
补充医疗保险，五险一金，餐补，12%公积金，节日福利，股票期权，带薪年假，定期体检，年终奖",小米,互联网|已上市|10000人以上,,经验不限|学历不限,,,,2025/02/19 10:36:52,boss
北京·通州区·马驹桥,中介公司招聘普工/操作工,7-7.5K,有空调做六休一有WIFI日结工资不穿无尘服有餐补厂内食堂恒温车间,北京奔驰有限公司,物流/仓储|0-20人,,经验不限|学历不限,,,,2025/02/19 10:36:52,boss
北京·大兴区·亦庄,工厂普工240一天包食宿可日结,6-8K,"QC
节日福利，工龄奖，宿舍有空调，有无线网，路费报销，生日福利，全勤奖，五险一金，可报销照片钱，意外险，包住，免费工装，加班补助，推荐奖励",鑫海名扬,人力资源服务|不需要融资|20-99人,,经验不限|学历不限,,,,2025/02/19 10:36:52,boss
北京·大兴区·亦庄,华创微电子招聘普工/操作工,6-7K,"有空调需穿无尘服有WIFI做五休二缴纳社保工作餐免费不看显微镜有餐补午餐免费长白班三餐免费坐班月结工资4人间宿舍厂内食堂恒温车间水电免费免体检包进
企业年金，补充医疗保险，股票期权，带薪年假，餐补，通讯补贴，全勤奖，加班补助，定期体检，年终奖，五险一金，节日福利，交通补助，免费班车",华创微电子,其他行业|已上市|1000-9999人,,经验不限|中专/中技,,,,2025/02/19 10:36:52,boss
北京·大兴区·黄村,小米通讯招聘普工/操作工,5.5-6.5K,"工作餐免费4-8人间宿舍缴纳社保
底薪加提成，法定节假日三薪，免费工装，全勤奖，包吃，带薪年假，保底工资，绩效奖金，五险一金，年终奖",小米通讯,通信/网络设备|1000-9999人,,经验不限|学历不限,,,,2025/02/19 10:36:52,boss
北京·大兴区·亦庄,睿泽招聘普工/操作工,7.8-8K,有空调有WIFI做五休二工作餐免费不看显微镜4-8人间宿舍住宿免费午餐免费长白班三餐免费日结工资坐班4人间宿舍不穿无尘服体检免费厂内食堂恒温车间,睿泽,食品/饮料/烟酒|100-499人,,经验不限|学历不限,,,,2025/02/19 10:36:52,boss
北京,普工,6-7K,工作餐免费4人间宿舍,弘基伟业,批发/零售|0-20人,,经验不限|学历不限,,,,2025/02/19 10:36:52,boss
北京·房山区·良乡,中介公司招聘组装工,7-8K,"精密仪器组装1-3年经验偏好无尘服/不偏好穿无尘服月结包吃
包吃，带薪年假，定期体检，五险一金",天宜上佳,铁路/船舶/航空/航天制造|不需要融资|500-999人,,经验不限|学历不限,,,,2025/02/19 10:36:52,boss
北京·大兴区·黄村,全北京最高薪资仓储库房招聘普工也可日节,7.9-8K,"有空调不看显微镜有餐补住宿免费长白班月结工资4人间宿舍不穿无尘服两班倒可日结恒温车间月休四天免体检包进
交通补助，带薪年假，免费班车，意外险，五险一金，高温补贴，底薪加提成，餐补，团建聚餐，节日福利，补充医疗保险，定期体检，年终奖，员工旅游，保底工资",北京三快在线科技,生活服务(O2O)|已上市|1000-9999人,,经验不限|学历不限,,,,2025/02/19 10:36:52,boss
北京·丰台区·草桥,汪万楼招聘普工/操作工,6-8K,"有空调三餐免费有WIFI月结工资两班倒体检免费住宿免费
全勤奖，股票期权，包吃",汪万楼,餐饮|未融资|100-499人,,经验不限|学历不限,,,,2025/02/19 10:36:52,boss
北京,普工,4.2-5K,三餐免费缴纳社保工作餐免费月结工资不穿无尘服4-8人间宿舍五险,实创鑫源,工程施工|0-20人,,经验不限|学历不限,,,,2025/02/19 10:36:52,boss
